/*
 Navicat Premium Data Transfer

 Source Server         : Examen
 Source Server Type    : Oracle
 Source Server Version : 190000 (Oracle Database 19c Enterprise Edition Release 19.0.0.0.0 - Production)
 Source Host           : localhost:1521
 Source Schema         : HR

 Target Server Type    : Oracle
 Target Server Version : 190000 (Oracle Database 19c Enterprise Edition Release 19.0.0.0.0 - Production)
 File Encoding         : 65001

 Date: 04/12/2022 18:08:36
*/


-- ----------------------------
-- Table structure for EMPLOYEES
-- ----------------------------
DROP TABLE "EMPLOYEES";
CREATE TABLE "EMPLOYEES" (
  "ID" NUMBER VISIBLE DEFAULT "HR"."ISEQ$$_80066".nextval NOT NULL,
  "GENDER_ID" NUMBER VISIBLE,
  "JOB_ID" NUMBER VISIBLE,
  "NAME" VARCHAR2(255 BYTE) VISIBLE,
  "LAST_NAME" VARCHAR2(255 BYTE) VISIBLE,
  "BIRTHDATE" DATE VISIBLE
)
LOGGING
NOCOMPRESS
PCTFREE 10
INITRANS 1
STORAGE (
  INITIAL 65536 
  NEXT 1048576 
  MINEXTENTS 1
  MAXEXTENTS 2147483645
  BUFFER_POOL DEFAULT
)
PARALLEL 1
NOCACHE
DISABLE ROW MOVEMENT
;

-- ----------------------------
-- Records of EMPLOYEES
-- ----------------------------
INSERT INTO "EMPLOYEES" ("ID", "GENDER_ID", "JOB_ID", "NAME", "LAST_NAME", "BIRTHDATE") VALUES ('56', '1', '2', 'Juan', 'Pérez', TO_DATE('1983-01-21 00:00:00', 'SYYYY-MM-DD HH24:MI:SS'));
INSERT INTO "EMPLOYEES" ("ID", "GENDER_ID", "JOB_ID", "NAME", "LAST_NAME", "BIRTHDATE") VALUES ('57', '2', '2', 'Rocio', 'Mendez', TO_DATE('1983-01-02 00:00:00', 'SYYYY-MM-DD HH24:MI:SS'));
INSERT INTO "EMPLOYEES" ("ID", "GENDER_ID", "JOB_ID", "NAME", "LAST_NAME", "BIRTHDATE") VALUES ('58', '1', '2', 'Roberto', 'Molina', TO_DATE('1983-01-03 00:00:00', 'SYYYY-MM-DD HH24:MI:SS'));
INSERT INTO "EMPLOYEES" ("ID", "GENDER_ID", "JOB_ID", "NAME", "LAST_NAME", "BIRTHDATE") VALUES ('59', '1', '2', 'Ricardo', 'Lopez', TO_DATE('1983-01-04 00:00:00', 'SYYYY-MM-DD HH24:MI:SS'));
INSERT INTO "EMPLOYEES" ("ID", "GENDER_ID", "JOB_ID", "NAME", "LAST_NAME", "BIRTHDATE") VALUES ('60', '1', '2', 'Jose', 'Torres', TO_DATE('1983-01-05 00:00:00', 'SYYYY-MM-DD HH24:MI:SS'));
INSERT INTO "EMPLOYEES" ("ID", "GENDER_ID", "JOB_ID", "NAME", "LAST_NAME", "BIRTHDATE") VALUES ('61', '1', '3', 'Benito', 'Suarez', TO_DATE('1983-01-06 00:00:00', 'SYYYY-MM-DD HH24:MI:SS'));
INSERT INTO "EMPLOYEES" ("ID", "GENDER_ID", "JOB_ID", "NAME", "LAST_NAME", "BIRTHDATE") VALUES ('62', '1', '3', 'Ever', 'Molina', TO_DATE('1983-01-07 00:00:00', 'SYYYY-MM-DD HH24:MI:SS'));
INSERT INTO "EMPLOYEES" ("ID", "GENDER_ID", "JOB_ID", "NAME", "LAST_NAME", "BIRTHDATE") VALUES ('63', '1', '4', 'Danilo', 'Molina', TO_DATE('1983-01-07 00:00:00', 'SYYYY-MM-DD HH24:MI:SS'));
INSERT INTO "EMPLOYEES" ("ID", "GENDER_ID", "JOB_ID", "NAME", "LAST_NAME", "BIRTHDATE") VALUES ('64', '1', '4', 'Higinio', 'Sanchez', TO_DATE('1983-01-01 00:00:00', 'SYYYY-MM-DD HH24:MI:SS'));
COMMIT;
COMMIT;

-- ----------------------------
-- Table structure for EMPLOYEE_WORKED_HOURS
-- ----------------------------
DROP TABLE "EMPLOYEE_WORKED_HOURS";
CREATE TABLE "EMPLOYEE_WORKED_HOURS" (
  "ID" NUMBER VISIBLE DEFAULT "HR"."ISEQ$$_80069".nextval NOT NULL,
  "EMPLOYEE_ID" NUMBER VISIBLE,
  "WORKED_HOURS" NUMBER VISIBLE,
  "WORKED_DATE" DATE VISIBLE
)
LOGGING
NOCOMPRESS
PCTFREE 10
INITRANS 1
STORAGE (
  INITIAL 65536 
  NEXT 1048576 
  MINEXTENTS 1
  MAXEXTENTS 2147483645
  BUFFER_POOL DEFAULT
)
PARALLEL 1
NOCACHE
DISABLE ROW MOVEMENT
;

-- ----------------------------
-- Records of EMPLOYEE_WORKED_HOURS
-- ----------------------------
INSERT INTO "EMPLOYEE_WORKED_HOURS" ("ID", "EMPLOYEE_ID", "WORKED_HOURS", "WORKED_DATE") VALUES ('5', '57', '56', TO_DATE('2022-12-02 17:10:26', 'SYYYY-MM-DD HH24:MI:SS'));
INSERT INTO "EMPLOYEE_WORKED_HOURS" ("ID", "EMPLOYEE_ID", "WORKED_HOURS", "WORKED_DATE") VALUES ('1', '57', '1', TO_DATE('2022-12-01 16:51:09', 'SYYYY-MM-DD HH24:MI:SS'));
INSERT INTO "EMPLOYEE_WORKED_HOURS" ("ID", "EMPLOYEE_ID", "WORKED_HOURS", "WORKED_DATE") VALUES ('2', '56', '4', TO_DATE('2022-12-01 16:52:02', 'SYYYY-MM-DD HH24:MI:SS'));
INSERT INTO "EMPLOYEE_WORKED_HOURS" ("ID", "EMPLOYEE_ID", "WORKED_HOURS", "WORKED_DATE") VALUES ('3', '61', '6', TO_DATE('2022-12-22 16:52:15', 'SYYYY-MM-DD HH24:MI:SS'));
INSERT INTO "EMPLOYEE_WORKED_HOURS" ("ID", "EMPLOYEE_ID", "WORKED_HOURS", "WORKED_DATE") VALUES ('4', '61', '7', TO_DATE('2022-12-19 16:52:30', 'SYYYY-MM-DD HH24:MI:SS'));
COMMIT;
COMMIT;

-- ----------------------------
-- Table structure for GENDERS
-- ----------------------------
DROP TABLE "GENDERS";
CREATE TABLE "GENDERS" (
  "ID" NUMBER VISIBLE DEFAULT "HR"."ISEQ$$_80063".nextval NOT NULL,
  "NAME" VARCHAR2(255 BYTE) VISIBLE
)
LOGGING
NOCOMPRESS
PCTFREE 10
INITRANS 1
STORAGE (
  INITIAL 65536 
  NEXT 1048576 
  MINEXTENTS 1
  MAXEXTENTS 2147483645
  BUFFER_POOL DEFAULT
)
PARALLEL 1
NOCACHE
DISABLE ROW MOVEMENT
;

-- ----------------------------
-- Records of GENDERS
-- ----------------------------
INSERT INTO "GENDERS" ("ID", "NAME") VALUES ('1', 'Hombre');
INSERT INTO "GENDERS" ("ID", "NAME") VALUES ('2', 'Mujer');
COMMIT;
COMMIT;

-- ----------------------------
-- Table structure for JOBS
-- ----------------------------
DROP TABLE "JOBS";
CREATE TABLE "JOBS" (
  "ID" NUMBER VISIBLE DEFAULT "HR"."ISEQ$$_80060".nextval NOT NULL,
  "NAME" VARCHAR2(255 BYTE) VISIBLE,
  "SALARY" NUMBER(9,2) VISIBLE
)
LOGGING
NOCOMPRESS
PCTFREE 10
INITRANS 1
STORAGE (
  INITIAL 65536 
  NEXT 1048576 
  MINEXTENTS 1
  MAXEXTENTS 2147483645
  BUFFER_POOL DEFAULT
)
PARALLEL 1
NOCACHE
DISABLE ROW MOVEMENT
;

-- ----------------------------
-- Records of JOBS
-- ----------------------------
INSERT INTO "JOBS" ("ID", "NAME", "SALARY") VALUES ('4', 'Gerente de Investigación y Desarrollo Industrial', '30');
INSERT INTO "JOBS" ("ID", "NAME", "SALARY") VALUES ('2', 'Gerente', '100');
INSERT INTO "JOBS" ("ID", "NAME", "SALARY") VALUES ('3', 'Analista de Procesos Industriales', '500');
INSERT INTO "JOBS" ("ID", "NAME", "SALARY") VALUES ('5', 'Proyectista/ Diseñador Industrial', '670');
COMMIT;
COMMIT;

-- ----------------------------
-- Sequence structure for DEPARTMENTS_SEQ
-- ----------------------------
DROP SEQUENCE "DEPARTMENTS_SEQ";
CREATE SEQUENCE "DEPARTMENTS_SEQ" MINVALUE 1 MAXVALUE 9990 INCREMENT BY 10 NOCACHE;

-- ----------------------------
-- Sequence structure for EMPLOYEES_SEQ
-- ----------------------------
DROP SEQUENCE "EMPLOYEES_SEQ";
CREATE SEQUENCE "EMPLOYEES_SEQ" MINVALUE 1 MAXVALUE 9999999999999999999999999999 INCREMENT BY 1 NOCACHE;

-- ----------------------------
-- Sequence structure for ISEQ$$_80060
-- ----------------------------
DROP SEQUENCE "ISEQ$$_80060";
CREATE SEQUENCE "ISEQ$$_80060" MINVALUE 1 MAXVALUE 9999999999999999999999999999 INCREMENT BY 1 CACHE 20;

-- ----------------------------
-- Sequence structure for ISEQ$$_80063
-- ----------------------------
DROP SEQUENCE "ISEQ$$_80063";
CREATE SEQUENCE "ISEQ$$_80063" MINVALUE 1 MAXVALUE 9999999999999999999999999999 INCREMENT BY 1 CACHE 20;

-- ----------------------------
-- Sequence structure for ISEQ$$_80066
-- ----------------------------
DROP SEQUENCE "ISEQ$$_80066";
CREATE SEQUENCE "ISEQ$$_80066" MINVALUE 1 MAXVALUE 9999999999999999999999999999 INCREMENT BY 1 CACHE 20;

-- ----------------------------
-- Sequence structure for ISEQ$$_80069
-- ----------------------------
DROP SEQUENCE "ISEQ$$_80069";
CREATE SEQUENCE "ISEQ$$_80069" MINVALUE 1 MAXVALUE 9999999999999999999999999999 INCREMENT BY 1 CACHE 20;

-- ----------------------------
-- Sequence structure for LOCATIONS_SEQ
-- ----------------------------
DROP SEQUENCE "LOCATIONS_SEQ";
CREATE SEQUENCE "LOCATIONS_SEQ" MINVALUE 1 MAXVALUE 9900 INCREMENT BY 100 NOCACHE;

-- ----------------------------
-- Primary Key structure for table EMPLOYEES
-- ----------------------------
ALTER TABLE "EMPLOYEES" ADD CONSTRAINT "EMPLOYEES_PK_ID" PRIMARY KEY ("ID");

-- ----------------------------
-- Checks structure for table EMPLOYEES
-- ----------------------------
ALTER TABLE "EMPLOYEES" ADD CONSTRAINT "SYS_C0012459" CHECK ("ID" IS NOT NULL) NOT DEFERRABLE INITIALLY IMMEDIATE NORELY VALIDATE;

-- ----------------------------
-- Primary Key structure for table EMPLOYEE_WORKED_HOURS
-- ----------------------------
ALTER TABLE "EMPLOYEE_WORKED_HOURS" ADD CONSTRAINT "EMPLOYEE_WORKED_HOURS_PK_ID" PRIMARY KEY ("ID");

-- ----------------------------
-- Checks structure for table EMPLOYEE_WORKED_HOURS
-- ----------------------------
ALTER TABLE "EMPLOYEE_WORKED_HOURS" ADD CONSTRAINT "SYS_C0012463" CHECK ("ID" IS NOT NULL) NOT DEFERRABLE INITIALLY IMMEDIATE NORELY VALIDATE;

-- ----------------------------
-- Primary Key structure for table GENDERS
-- ----------------------------
ALTER TABLE "GENDERS" ADD CONSTRAINT "GENDERS_PK_ID" PRIMARY KEY ("ID");

-- ----------------------------
-- Checks structure for table GENDERS
-- ----------------------------
ALTER TABLE "GENDERS" ADD CONSTRAINT "SYS_C0012457" CHECK ("ID" IS NOT NULL) NOT DEFERRABLE INITIALLY IMMEDIATE NORELY VALIDATE;

-- ----------------------------
-- Primary Key structure for table JOBS
-- ----------------------------
ALTER TABLE "JOBS" ADD CONSTRAINT "JOBS_PK_ID" PRIMARY KEY ("ID");

-- ----------------------------
-- Checks structure for table JOBS
-- ----------------------------
ALTER TABLE "JOBS" ADD CONSTRAINT "SYS_C0012455" CHECK ("ID" IS NOT NULL) NOT DEFERRABLE INITIALLY IMMEDIATE NORELY VALIDATE;

-- ----------------------------
-- Foreign Keys structure for table EMPLOYEES
-- ----------------------------
ALTER TABLE "EMPLOYEES" ADD CONSTRAINT "GENDER_ID_FK" FOREIGN KEY ("GENDER_ID") REFERENCES "GENDERS" ("ID") NOT DEFERRABLE INITIALLY IMMEDIATE NORELY VALIDATE;
ALTER TABLE "EMPLOYEES" ADD CONSTRAINT "JOB_ID_FK" FOREIGN KEY ("JOB_ID") REFERENCES "JOBS" ("ID") NOT DEFERRABLE INITIALLY IMMEDIATE NORELY VALIDATE;

-- ----------------------------
-- Foreign Keys structure for table EMPLOYEE_WORKED_HOURS
-- ----------------------------
ALTER TABLE "EMPLOYEE_WORKED_HOURS" ADD CONSTRAINT "EMPLOYEE_ID_FK" FOREIGN KEY ("EMPLOYEE_ID") REFERENCES "EMPLOYEES" ("ID") NOT DEFERRABLE INITIALLY IMMEDIATE NORELY VALIDATE;
